時間,里程,31_交通量
19.0,1.1,19.0
19.0,1.470870870870871,16.921497562387003
19.0,1.8417417417417419,15.6474251746911
19.0,2.2126126126126127,15.0541148932199
19.0,2.5834834834834837,15.017898774281008
19.0,2.9543543543543547,15.415108874182037
19.0,3.3252252252252252,16.122077249230593
19.0,3.6960960960960962,17.015135955734287
19.0,4.066966966966968,17.97061705000073
19.0,4.437837837837838,18.864852588337524
19.0,4.808708708708709,19.585859656302546
19.0,5.179579579579579,20.099568620471082
19.0,5.55045045045045,20.403779462813926
19.0,5.921321321321322,20.49638756818428
19.0,6.292192192192193,20.375288321435338
19.0,6.663063063063063,20.03837710742032
19.0,7.033933933933934,19.48354931099243
19.0,7.4048048048048045,18.70870031700487
19.0,7.775675675675677,17.711725510310835
19.0,8.146546546546547,16.491277751291666
19.0,8.517417417417418,15.076319950422143
19.0,8.888288288288289,13.535695621462343
19.0,9.259159159159159,11.940965161232898
19.0,9.63003003003003,10.363688966554436
19.0,10.0009009009009,8.875427434247587
19.0,10.371771771771773,7.54774096113297
19.0,10.742642642642643,6.4521899440312245
19.0,11.113513513513514,5.6603347797629775
19.0,11.484384384384384,5.243735865148851
19.0,11.855255255255255,5.273953597009481
19.0,12.226126126126127,5.822548372165491
19.0,12.596996996996998,6.829284913107121
19.0,12.967867867867868,7.262404003132154
19.0,13.338738738738739,5.928833143418877
19.0,13.70960960960961,5.083556764454902
19.0,14.080480480480482,7.548364365206931
19.0,14.451351351351352,11.69724275866446
19.0,14.822222222222223,15.21544738856057
19.0,15.193093093093093,15.907951903875585
19.0,15.563963963963964,14.083587820715755
19.0,15.934834834834836,12.423729476333067
19.0,16.30570570570571,13.70318250953894
19.0,16.67657657657658,20.69675255914476
19.0,17.04744744744745,35.02744964585228
19.0,17.41831831831832,49.860906550093134
19.0,17.78918918918919,54.59359325074786
19.0,18.16006006006006,38.60465571083415
19.0,18.530930930930932,5.606927115110747
19.0,18.901801801801803,12.985261310715337
19.0,19.272672672672677,19.114552578639337
19.0,19.643543543543547,21.891813126151817
19.0,20.014414414414418,21.996125254580097
19.0,20.38528528528529,20.10657126525144
19.0,20.75615615615616,17.09755759541426
19.0,21.12702702702703,14.72364007167529
19.0,21.4978978978979,14.987173982229159
19.0,21.86876876876877,18.707303230350977
19.0,22.23963963963964,21.889102950473102
19.0,22.61051051051051,20.281490211936323
19.0,22.981381381381386,15.989992758548269
19.0,23.352252252252256,13.684538811692459
19.0,23.723123123123127,18.04216710673641
19.0,24.093993993993998,33.19494085575695
19.0,24.464864864864868,40.54312348763725
19.0,24.83573573573574,11.3042209956967
19.0,25.20660660660661,0.0
19.0,25.57747747747748,22.98199020860298
19.0,25.94834834834835,83.41606621046829
19.0,26.31921921921922,103.40921191690424
19.0,26.69009009009009,95.77007226608754
19.0,27.060960960960966,73.35392372840698
19.0,27.431831831831836,49.016042774252185
19.0,27.802702702702707,33.31932598929104
19.0,28.173573573573577,26.257953318770113
19.0,28.544444444444448,25.072398288206873
19.0,28.91531531531532,27.120016253970597
19.0,29.28618618618619,29.75833313614561
19.0,29.65705705705706,30.34487485481617
19.0,30.02792792792793,26.23716733006664
19.0,30.3987987987988,15.083534708034213
19.0,30.769669669669675,0.5482118506321969
19.0,31.140540540540545,0.0
19.0,31.511411411411416,21.70355343108464
19.0,31.882282282282286,21.361603901401406
19.0,32.25315315315316,10.934272709507484
19.0,32.624024024024024,24.3917921125211
19.0,32.9948948948949,37.30192682934824
19.0,33.36576576576577,48.99320404373513
19.0,33.73663663663664,58.794150939428114
19.0,34.10750750750751,66.03329470017407
19.0,34.47837837837838,70.03916250971923
19.0,34.849249249249254,70.14028155181025
19.0,35.22012012012012,65.66517901019364
19.0,35.590990990990996,55.94238206861577
19.0,35.96186186186186,44.48418199339819
19.0,36.33273273273274,52.19311857371828
19.0,36.703603603603604,74.8519505476226
19.0,37.07447447447448,103.84181490966839
19.0,37.44534534534535,130.5438486544116
19.0,37.81621621621622,146.33918877640843
19.0,38.18708708708709,142.60897227021565
19.0,38.55795795795796,110.73433613039026
19.0,38.928828828828834,42.09641735148739
19.0,39.2996996996997,27.978940888058936
19.0,39.670570570570575,39.251794748379574
19.0,40.04144144144144,47.190619614708
19.0,40.41231231231232,52.23559520364429
19.0,40.78318318318319,54.77181096714814
19.0,41.15405405405406,55.18435635717947
19.0,41.52492492492493,53.858320825698115
19.0,41.8957957957958,51.17879382466401
19.0,42.26666666666667,47.53086480603693
19.0,42.63753753753754,43.29962322177688
19.0,43.008408408408414,38.8701585238435
19.0,43.37927927927928,34.62756016419689
19.0,43.750150150150155,30.956917594796735
19.0,44.12102102102102,28.240080348443076
19.0,44.491891891891896,26.654306812868004
19.0,44.86276276276277,26.05373317326396
19.0,45.23363363363364,26.26398615329925
19.0,45.60450450450451,27.110692476642207
19.0,45.97537537537538,28.419478866961118
19.0,46.34624624624625,30.015972047924343
19.0,46.71711711711712,31.72579874320015
19.0,47.087987987987994,33.37458567645692
19.0,47.45885885885886,34.78795957136292
19.0,47.829729729729735,35.79154715158651
19.0,48.2006006006006,36.21559273881714
19.0,48.571471471471476,35.94229632267342
19.0,48.94234234234235,34.88657685153104
19.0,49.31321321321322,32.963863713720514
19.0,49.68408408408409,30.08958629757226
19.0,50.05495495495496,26.179173991416874
19.0,50.42582582582583,21.37752417610876
19.0,50.7966966966967,17.86912487189491
19.0,51.16756756756757,18.906870683280033
19.0,51.53843843843844,27.067420879843514
19.0,51.909309309309315,36.22875475776564
19.0,52.28018018018018,34.487031070218436
19.0,52.651051051051056,20.244517690057318
19.0,53.02192192192193,7.316583479202052
19.0,53.3927927927928,10.071231931627924
19.0,53.76366366366367,28.39286217128184
19.0,54.13453453453454,48.41283261754477
19.0,54.50540540540541,55.73448890499375
19.0,54.87627627627628,43.06443141746643
19.0,55.24714714714715,21.401950233705424
19.0,55.61801801801802,4.650830400555023
19.0,55.988888888888894,4.680122142388462
19.0,56.35975975975976,17.261154870131115
19.0,56.730630630630635,30.513601802848534
19.0,57.10150150150151,44.771894193054386
19.0,57.47237237237238,92.89661811533969
19.0,57.84324324324325,158.04714470344683
19.0,58.21411411411412,212.46935904895287
19.0,58.58498498498499,228.40914624343878
19.0,58.95585585585586,178.1123913784836
19.0,59.32672672672673,33.82497954566452
19.0,59.6975975975976,0.0
19.0,60.068468468468474,4.281367464468296
19.0,60.43933933933935,20.01224466373219
19.0,60.810210210210215,23.614397272594076
19.0,61.18108108108109,75.69845336080759
19.0,61.551951951951956,110.92408905747381
19.0,61.92282282282283,131.40706992896614
19.0,62.2936936936937,139.3535232717398
19.0,62.66456456456457,136.96957638225112
19.0,63.03543543543544,126.46135655695613
19.0,63.40630630630631,110.03499109231045
19.0,63.77717717717718,89.89660728477071
19.0,64.14804804804805,68.25233243079214
19.0,64.51891891891893,47.30829382683106
19.0,64.88978978978979,29.270168973751616
19.0,65.26066066066066,15.850953603636503
19.0,65.63153153153154,7.3305530903554805
19.0,66.0024024024024,3.729751363672745
19.0,66.37327327327327,5.069332353352203
19.0,66.74414414414414,11.370079989158228
19.0,67.11501501501502,22.652778200854982
19.0,67.48588588588588,37.214801767777345
19.0,67.85675675675675,30.916194434564655
19.0,68.22762762762763,1.228641547239182
19.0,68.5984984984985,6.449085083045167
19.0,68.96936936936937,28.173039873320505
19.0,69.34024024024023,46.73559647407947
19.0,69.71111111111111,58.133739555566535
19.0,70.08198198198198,63.37271310485215
19.0,70.45285285285286,63.45998885225198
19.0,70.82372372372372,59.40303852808191
19.0,71.19459459459459,52.209333862657274
19.0,71.56546546546546,42.8863465862938
19.0,71.93633633633634,32.44154842930716
19.0,72.3072072072072,21.882411122013437
19.0,72.67807807807807,12.175323676832909
19.0,73.04894894894895,3.7069973793194038
19.0,73.41981981981982,0.0
19.0,73.7906906906907,0.0
19.0,74.16156156156156,0.0
19.0,74.53243243243243,0.0
19.0,74.9033033033033,0.0
19.0,75.27417417417418,0.0
19.0,75.64504504504504,0.0
19.0,76.01591591591591,0.0
19.0,76.38678678678679,0.0
19.0,76.75765765765766,0.0
19.0,77.12852852852853,0.0
19.0,77.4993993993994,0.0
19.0,77.87027027027027,0.0
19.0,78.24114114114114,0.0
19.0,78.61201201201202,0.0
19.0,78.98288288288288,0.0
19.0,79.35375375375375,0.10273516169105079
19.0,79.72462462462462,5.163757185589901
19.0,80.0954954954955,10.479197434375791
19.0,80.46636636636637,15.996717777794615
19.0,80.83723723723723,21.663980085592186
19.0,81.2081081081081,27.428646227514804
19.0,81.57897897897898,33.23836751063378
19.0,81.94984984984985,39.03888566228305
19.0,82.32072072072071,44.771833430372595
19.0,82.69159159159159,50.3783103440287
19.0,83.06246246246246,55.79941593237704
19.0,83.43333333333334,60.976249724543464
19.0,83.8042042042042,65.84991124965367
19.0,84.17507507507507,70.36150003683389
19.0,84.54594594594595,74.45211561520983
19.0,84.91681681681682,78.06285751390736
19.0,85.2876876876877,81.1348252620523
19.0,85.65855855855855,83.60911838877048
19.0,86.02942942942943,85.42683642318796
19.0,86.4003003003003,86.52907889443051
19.0,86.77117117117118,86.85694533162396
19.0,87.14204204204204,86.35153526389428
19.0,87.51291291291291,84.95394822036724
19.0,87.88378378378378,82.60528373016872
19.0,88.25465465465466,79.24664132242462
19.0,88.62552552552553,74.81912052626079
19.0,88.99639639639639,69.26382087080339
19.0,89.36726726726727,62.521841885177764
19.0,89.73813813813814,54.53428309851006
19.0,90.10900900900901,45.242244039926135
19.0,90.47987987987987,34.588777667416814
19.0,90.85075075075075,22.860113243174638
19.0,91.22162162162162,11.075935616754087
19.0,91.5924924924925,0.35036268884329935
19.0,91.96336336336336,0.0
19.0,92.33423423423423,0.0
19.0,92.7051051051051,0.0
19.0,93.07597597597598,0.0
19.0,93.44684684684685,1.5956950510198311
19.0,93.81771771771771,20.618226228617175
19.0,94.18858858858859,45.375062411730305
19.0,94.55945945945946,56.03138257613364
19.0,94.93033033033034,51.431240369416784
19.0,95.3012012012012,38.70262223397478
19.0,95.67207207207207,24.973736905785856
19.0,96.04294294294294,17.372793120829897
19.0,96.41381381381382,23.02799961508623
19.0,96.78468468468469,48.21641710603557
19.0,97.15555555555555,91.78023707829563
19.0,97.52642642642643,147.77597912990223
19.0,97.8972972972973,209.98028584313928
19.0,98.26816816816817,272.16979980029214
19.0,98.63903903903903,328.1211635836442
19.0,99.00990990990991,371.61101977548515
19.0,99.38078078078078,396.41601095809796
19.0,99.75165165165166,396.3127797137681
19.0,100.12252252252253,365.07796862478074
19.0,100.49339339339339,296.48822027342476
19.0,100.86426426426426,184.32017724198022
19.0,101.23513513513514,22.443365495956083
19.0,101.60600600600601,0.0
19.0,101.97687687687687,0.0
19.0,102.34774774774775,0.0
19.0,102.71861861861862,0.0
19.0,103.0894894894895,0.0
19.0,103.46036036036035,0.0
19.0,103.83123123123123,0.0
19.0,104.2021021021021,0.0
19.0,104.57297297297298,0.0
19.0,104.94384384384385,0.0
19.0,105.31471471471471,0.0
19.0,105.68558558558559,0.0
19.0,106.05645645645646,0.0
19.0,106.42732732732733,0.0
19.0,106.7981981981982,0.0
19.0,107.16906906906907,0.0
19.0,107.53993993993994,0.0
19.0,107.91081081081082,0.0
19.0,108.28168168168169,0.0
19.0,108.65255255255255,60.68365923262517
19.0,109.02342342342342,115.1684822692452
19.0,109.3942942942943,163.61599072383027
19.0,109.76516516516517,206.27174506637613
19.0,110.13603603603603,243.38130576687732
19.0,110.5069069069069,275.1902332953325
19.0,110.87777777777778,301.9440881217359
19.0,111.24864864864865,323.88843071608346
19.0,111.61951951951951,341.2688215483702
19.0,111.99039039039039,354.3308210885933
19.0,112.36126126126126,363.3199898067479
19.0,112.73213213213214,368.4818881728298
19.0,113.10300300300301,370.06207665683485
19.0,113.47387387387387,368.30611572875887
19.0,113.84474474474474,363.4595658585975
19.0,114.21561561561562,355.7679875163467
19.0,114.58648648648649,345.47694117200217
19.0,114.95735735735735,332.83198729556034
19.0,115.32822822822823,318.07868635701584
19.0,115.6990990990991,301.4625988263651
19.0,116.06996996996997,283.2292851736037
19.0,116.44084084084085,263.62430586872796
19.0,116.81171171171171,242.89322138173395
19.0,117.18258258258258,221.28159218261624
19.0,117.55345345345346,199.0349787413711
19.0,117.92432432432433,176.39894152799445
19.0,118.29519519519519,153.61904101248365
19.0,118.66606606606607,130.9408376648313
19.0,119.03693693693694,108.60989195503555
19.0,119.40780780780781,86.8717643530913
19.0,119.77867867867869,65.97201532899408
19.0,120.14954954954955,46.15620535274161
19.0,120.52042042042042,27.669894894327854
19.0,120.8912912912913,10.755784323465043
19.0,121.26216216216217,0.0
19.0,121.63303303303303,0.0
19.0,122.0039039039039,0.0
19.0,122.37477477477478,0.0
19.0,122.74564564564565,0.0
19.0,123.11651651651651,0.0
19.0,123.48738738738739,0.0
19.0,123.85825825825826,0.0
19.0,124.22912912912913,0.0
19.0,124.60000000000001,0.0
19.0,124.97087087087087,0.0
19.0,125.34174174174174,0.0
19.0,125.71261261261262,0.0
19.0,126.08348348348349,0.0
19.0,126.45435435435435,0.0
19.0,126.82522522522522,0.0
19.0,127.1960960960961,0.0
19.0,127.56696696696697,0.0
19.0,127.93783783783785,0.0
19.0,128.3087087087087,0.0
19.0,128.67957957957958,0.0
19.0,129.05045045045046,0.0
19.0,129.42132132132133,0.0
19.0,129.7921921921922,0.0
19.0,130.16306306306308,0.0
19.0,130.53393393393392,0.0
19.0,130.9048048048048,0.0
19.0,131.27567567567567,0.0
19.0,131.64654654654655,0.0
19.0,132.01741741741742,3.3356976042600763
19.0,132.3882882882883,9.05521144718
19.0,132.75915915915917,14.468574068254156
19.0,133.13003003003004,19.510993971481696
19.0,133.50090090090092,24.117679660861654
19.0,133.87177177177176,28.22383964039227
19.0,134.24264264264264,31.767005639139295
19.0,134.6135135135135,34.73356612302129
19.0,134.98438438438438,37.156350964707066
19.0,135.35525525525526,39.07002980661001
19.0,135.72612612612613,40.50927229114346
19.0,136.096996996997,41.50874806072084
19.0,136.46786786786788,42.10312675775549
19.0,136.83873873873875,42.32707802466083
19.0,137.2096096096096,42.215271503850225
19.0,137.58048048048047,41.80237683773705
19.0,137.95135135135135,41.123063668734666
19.0,138.32222222222222,40.21200163925647
19.0,138.6930930930931,39.10386039171583
19.0,139.06396396396397,37.83330956852611
19.0,139.43483483483485,36.43501881210072
19.0,139.80570570570572,34.943657764853015
19.0,140.1765765765766,33.39389606919639
19.0,140.54744744744744,31.820403367544333
19.0,140.9183183183183,30.257849302309964
19.0,141.2891891891892,28.740903515906794
19.0,141.66006006006006,27.304235650748232
19.0,142.03093093093094,25.98251534924762
19.0,142.4018018018018,24.810412253818328
19.0,142.77267267267268,23.822537643316554
19.0,143.14354354354356,23.040467282978028
19.0,143.5144144144144,22.456360734282494
19.0,143.88528528528528,22.05834534630497
19.0,144.25615615615615,21.834548468120627
19.0,144.62702702702703,21.77309744880457
19.0,144.9978978978979,21.862119637431917
19.0,145.36876876876877,22.08974238307778
19.0,145.73963963963965,22.44409303481727
19.0,146.11051051051052,22.913298941725504
19.0,146.4813813813814,23.48548745287758
19.0,146.85225225225224,24.148785917348576
19.0,147.22312312312312,24.89132168421369
19.0,147.593993993994,25.701222102547995
19.0,147.96486486486486,26.566614521426608
19.0,148.33573573573574,27.475626289924627
19.0,148.7066066066066,28.41638475711718
19.0,149.0774774774775,29.377017272079364
19.0,149.44834834834836,30.345651183886304
19.0,149.81921921921924,31.310413841613098
19.0,150.19009009009008,32.25943259433481
19.0,150.56096096096095,33.180834791126685
19.0,150.93183183183183,34.06274778106375
19.0,151.3027027027027,34.89329891322113
19.0,151.67357357357358,35.660615536673944
19.0,152.04444444444445,36.35322249503927
19.0,152.41531531531533,36.96782290466673
19.0,152.7861861861862,37.50879590084846
19.0,153.15705705705707,37.98081753615034
19.0,153.52792792792792,38.38856386313824
19.0,153.8987987987988,38.736710934378074
19.0,154.26966966966967,39.02993480243572
19.0,154.64054054054054,39.27291151987706
19.0,155.01141141141142,39.47031713926797
19.0,155.3822822822823,39.62682771317434
19.0,155.75315315315316,39.747119294162054
19.0,156.12402402402404,39.83586793479699
19.0,156.4948948948949,39.89774968764504
19.0,156.86576576576576,39.93744060527209
19.0,157.23663663663663,39.959616740244
19.0,157.6075075075075,39.968954145126695
19.0,157.97837837837838,39.97012887248603
19.0,158.34924924924925,39.967816974887896
19.0,158.72012012012013,39.96669450489818
19.0,159.090990990991,39.97143751508277
19.0,159.46186186186188,39.98672205800754
19.0,159.83273273273275,40.01714786041061
19.0,160.2036036036036,40.06549759161205
19.0,160.57447447447447,40.13270198893184
19.0,160.94534534534534,40.219608488155515
19.0,161.31621621621622,40.327064525068586
19.0,161.6870870870871,40.4559175354566
19.0,162.05795795795797,40.60701495510511
19.0,162.42882882882884,40.78120421979961
19.0,162.79969969969972,40.979332765325665
19.0,163.17057057057056,41.202248027468784
19.0,163.54144144144144,41.450797442014526
19.0,163.9123123123123,41.725828444748416
19.0,164.28318318318318,42.02818661264406
19.0,164.65405405405406,42.35536912970778
19.0,165.02492492492493,42.6946119634377
19.0,165.3957957957958,43.03119211489993
19.0,165.76666666666668,43.35038658516056
19.0,166.13753753753755,43.63747237528569
19.0,166.5084084084084,43.87772648634141
19.0,166.87927927927927,44.05642591939387
19.0,167.25015015015015,44.15884767550912
19.0,167.62102102102102,44.170268755753284
19.0,167.9918918918919,44.07596616119245
19.0,168.36276276276277,43.861910104456406
19.0,168.73363363363364,43.52560664176009
19.0,169.10450450450452,43.07407748231555
19.0,169.4753753753754,42.51462880853708
19.0,169.84624624624624,41.854566802839024
19.0,170.2171171171171,41.10119764763558
19.0,170.587987987988,40.26182752534109
19.0,170.95885885885886,39.34376261836984
19.0,171.32972972972973,38.35430910913612
19.0,171.7006006006006,37.30077318005423
19.0,172.07147147147148,36.19046101353847
19.0,172.44234234234236,35.030678792003116
19.0,172.81321321321323,33.82873269786246
19.0,173.18408408408408,32.59192891353092
19.0,173.55495495495495,31.327573621422573
19.0,173.92582582582583,30.04393999205894
19.0,174.2966966966967,28.757896119680424
19.0,174.66756756756757,27.49081241037139
19.0,175.03843843843845,26.26409883463533
19.0,175.40930930930932,25.09916536297574
19.0,175.7801801801802,24.017421965896105
19.0,176.15105105105107,23.04027861389992
19.0,176.52192192192192,22.189145277490734
19.0,176.8927927927928,21.485431927171913
19.0,177.26366366366366,20.950548533447
19.0,177.63453453453454,20.605905066819513
19.0,178.0054054054054,20.472911497792925
19.0,178.3762762762763,20.57297779687073
19.0,178.74714714714716,20.927513934556423
19.0,179.11801801801803,21.54973920767687
19.0,179.4888888888889,22.402380289761723
19.0,179.85975975975975,23.42894053852151
19.0,180.23063063063063,24.57288571323383
19.0,180.6015015015015,25.777681573176068
19.0,180.97237237237238,26.98679387762567
19.0,181.34324324324325,28.14368838586009
19.0,181.71411411411412,29.19183085715678
19.0,182.084984984985,30.074698015817592
19.0,182.45585585585587,30.752841788509855
19.0,182.82672672672672,31.238400334433724
19.0,183.1975975975976,31.55321556709255
19.0,183.56846846846847,31.719129399989573
19.0,183.93933933933934,31.75798374662809
19.0,184.31021021021022,31.69162052051136
19.0,184.6810810810811,31.54188163514269
19.0,185.05195195195196,31.33060900402534
19.0,185.42282282282284,31.079644540662606
19.0,185.7936936936937,30.810830158557774
19.0,186.16456456456456,30.546007771214143
19.0,186.53543543543543,30.307019292134953
19.0,186.9063063063063,30.11570663482351
19.0,187.27717717717718,29.993909597419513
19.0,187.64804804804805,29.956830161836596
19.0,188.01891891891893,29.998334112376003
19.0,188.3897897897898,30.108008781211897
19.0,188.76066066066068,30.275441500518433
19.0,189.13153153153155,30.490219602469782
19.0,189.5024024024024,30.74193041924007
19.0,189.87327327327327,31.0201612830035
19.0,190.24414414414414,31.314499525934213
19.0,190.61501501501502,31.614532480206368
19.0,190.9858858858859,31.90984747799412
19.0,191.35675675675677,32.19003185147162
19.0,191.72762762762764,32.444672932813056
19.0,192.09849849849851,32.66335805419256
19.0,192.4693693693694,32.8356745477843
19.0,192.84024024024023,32.95120974576243
19.0,193.2111111111111,32.99955098030111
19.0,193.58198198198198,32.971688893337436
19.0,193.95285285285286,32.870416365360484
19.0,194.32372372372373,32.704432950439184
19.0,194.6945945945946,32.48248216003295
19.0,195.06546546546548,32.21330750560122
19.0,195.43633633633635,31.90565249860343
19.0,195.80720720720723,31.568260650499003
19.0,196.17807807807807,31.20987547274741
19.0,196.54894894894895,30.839240476808005
19.0,196.91981981981982,30.465099174140256
19.0,197.2906906906907,30.09619507620359
19.0,197.66156156156157,29.741271694457446
19.0,198.03243243243244,29.409072540361244
19.0,198.40330330330332,29.10834112537442
19.0,198.7741741741742,28.847457698702407
19.0,199.14504504504507,28.629461753725252
19.0,199.5159159159159,28.45332937349762
19.0,199.8867867867868,28.317934846520746
19.0,200.25765765765766,28.222152461295895
19.0,200.62852852852853,28.164856506324323
19.0,200.9993993993994,28.144921270107286
19.0,201.37027027027028,28.161221041146046
19.0,201.74114114114116,28.21263010794186
19.0,202.11201201201203,28.298022758995973
19.0,202.48288288288288,28.41627328280964
19.0,202.85375375375375,28.56625596788414
19.0,203.22462462462462,28.746845102720705
19.0,203.5954954954955,28.95691497582061
19.0,203.96636636636637,29.195339875685093
19.0,204.33723723723725,29.46099409081543
19.0,204.70810810810812,29.752751909712863
19.0,205.078978978979,30.069485642324675
19.0,205.44984984984987,30.40970990447094
19.0,205.82072072072071,30.771169635911757
19.0,206.1915915915916,31.151509896196018
19.0,206.56246246246246,31.54837574487255
19.0,206.93333333333334,31.959412241490185
19.0,207.3042042042042,32.38226444559777
19.0,207.67507507507509,32.81457741674415
19.0,208.04594594594596,33.253996214478164
19.0,208.41681681681683,33.698165898348655
19.0,208.7876876876877,34.14473152790445
19.0,209.15855855855855,34.59133816269438
19.0,209.52942942942943,35.035630862267354
19.0,209.9003003003003,35.47525468617216
19.0,210.27117117117118,35.90785469395765
19.0,210.64204204204205,36.33107594517268
19.0,211.01291291291292,36.742563499366064
19.0,211.3837837837838,37.139962416086675
19.0,211.75465465465467,37.52091775488333
19.0,212.12552552552555,37.88307457530489
19.0,212.4963963963964,38.22421257725859
19.0,212.86726726726727,38.54368975829048
19.0,213.23813813813814,38.8418886292563
19.0,213.60900900900901,39.11920905954833
19.0,213.9798798798799,39.37605091855884
19.0,214.35075075075076,39.612814075680106
19.0,214.72162162162164,39.82989840030442
19.0,215.0924924924925,40.02770376182406
19.0,215.46336336336338,40.2066300296313
19.0,215.83423423423423,40.367077073118416
19.0,216.2051051051051,40.509444761677706
19.0,216.57597597597598,40.63413296470145
19.0,216.94684684684685,40.741541551581925
19.0,217.31771771771773,40.83207039171139
19.0,217.6885885885886,40.90611935448214
19.0,218.05945945945948,40.96408830928647
19.0,218.43033033033035,41.00637712551664
19.0,218.80120120120122,41.03338567256494
19.0,219.17207207207207,41.045513819823654
19.0,219.54294294294294,41.04316143668504
19.0,219.91381381381382,41.02672839254141
19.0,220.2846846846847,40.996614511864735
19.0,220.65555555555557,40.95314798956718
19.0,221.02642642642644,40.89644010443383
19.0,221.3972972972973,40.826561230959214
19.0,221.7681681681682,40.743581743637876
19.0,222.13903903903903,40.64757201696437
19.0,222.5099099099099,40.53860242543321
19.0,222.88078078078078,40.416743343538954
19.0,223.25165165165166,40.28206514577613
19.0,223.62252252252253,40.13463820663929
19.0,223.9933933933934,39.97453290062296
19.0,224.36426426426428,39.8018196022217
19.0,224.73513513513515,39.616568685930034
19.0,225.10600600600603,39.41885052624249
19.0,225.47687687687687,39.20873549765365
19.0,225.84774774774775,38.98629397465802
19.0,226.21861861861862,38.751596331750136
19.0,226.5894894894895,38.50471294342455
19.0,226.96036036036037,38.245714184175796
19.0,227.33123123123124,37.97467042849842
19.0,227.70210210210212,37.691652050886965
19.0,228.072972972973,37.39672942583597
19.0,228.44384384384387,37.08997292783996
19.0,228.8147147147147,36.77215065462606
19.0,229.18558558558559,36.45089745188523
19.0,229.55645645645646,36.137751162933
19.0,229.92732732732733,35.844294628181075
19.0,230.2981981981982,35.58211068804116
19.0,230.66906906906908,35.362782182925
19.0,231.03993993993996,35.1978919532443
19.0,231.41081081081083,35.09902283941079
19.0,231.7816816816817,35.0777576818362
19.0,232.15255255255255,35.14567932093221
19.0,232.52342342342342,35.314370597110575
19.0,232.8942942942943,35.595414350783
19.0,233.26516516516517,36.00039342236123
19.0,233.63603603603605,36.540890652256955
19.0,234.00690690690692,37.228488880881905
19.0,234.3777777777778,38.07477094864782
19.0,234.74864864864867,39.09131969596639
19.0,235.11951951951954,40.28971796324935
19.0,235.4903903903904,41.681548590908314
19.0,235.86126126126126,43.278335466402034
19.0,236.23213213213214,45.07114652841021
19.0,236.603003003003,47.000693249187734
19.0,236.97387387387388,49.00007698880599
19.0,237.34474474474476,51.00239910733635
19.0,237.71561561561563,52.94076096485017
19.0,238.0864864864865,54.748263921418825
19.0,238.45735735735738,56.3580093371137
19.0,238.82822822822823,57.703098572006056
19.0,239.1990990990991,58.71663298616749
19.0,239.56996996996997,59.33171393966923
19.0,239.94084084084085,59.48144279258266
19.0,240.31171171171172,59.09892090497917
19.0,240.6825825825826,58.11724963693011
19.0,241.05345345345347,56.4702471066903
19.0,241.42432432432435,54.15794623590071
19.0,241.7951951951952,51.29920191255865
19.0,242.16606606606607,48.02524862866494
19.0,242.53693693693694,44.467320876221024
19.0,242.9078078078078,40.75665314722815
19.0,243.2786786786787,37.024479933687566
19.0,243.64954954954956,33.402035727600534
19.0,244.02042042042044,30.020555020968295
19.0,244.3912912912913,27.011272305792115
19.0,244.76216216216218,24.505422074073223
19.0,245.13303303303303,22.619306944862412
19.0,245.5039039039039,21.344818486872924
19.0,245.87477477477478,20.612069167427435
19.0,246.24564564564565,20.350725132335462
19.0,246.61651651651653,20.490452527406493
19.0,246.9873873873874,20.960917498450023
19.0,247.35825825825827,21.691786191275565
19.0,247.72912912912915,22.612724751692603
19.0,248.10000000000002,23.653399325510648
19.0,248.47087087087087,24.74347605853911
19.0,248.84174174174174,25.812621096587655
19.0,249.21261261261262,26.79050058546571
19.0,249.5834834834835,27.61286248895635
19.0,249.95435435435436,28.265925350836355
19.0,250.32522522522524,28.760886099102105
19.0,250.6960960960961,29.109119816088015
19.0,251.066966966967,29.32200158412848
19.0,251.43783783783786,29.410906485557906
19.0,251.8087087087087,29.387209602710705
19.0,252.17957957957958,29.26228601792128
19.0,252.55045045045046,29.047510813524024
19.0,252.92132132132133,28.75425907185335
19.0,253.2921921921922,28.39390587524366
19.0,253.66306306306308,27.977826306029364
19.0,254.03393393393395,27.517395446544846
19.0,254.40480480480483,27.023988379124543
19.0,254.7756756756757,26.508980186102836
19.0,255.14654654654655,25.983745949814168
19.0,255.51741741741742,25.459660752592875
19.0,255.8882882882883,24.948097654586682
19.0,256.2591591591592,24.457970059973736
19.0,256.63003003003007,23.990951744116884
19.0,257.00090090090094,23.547391158867203
19.0,257.3717717717718,23.127636756075795
19.0,257.7426426426427,22.732036987593776
19.0,258.11351351351357,22.360940305272255
19.0,258.48438438438444,22.01469516096234
19.0,258.8552552552553,21.693650006515142
19.0,259.2261261261262,21.398153293781768
19.0,259.59699699699706,21.128553474613334
19.0,259.9678678678679,20.885199000860975
19.0,260.33873873873875,20.668438324375735
19.0,260.70960960960963,20.478619897008766
19.0,261.0804804804805,20.316092170611167
19.0,261.4513513513514,20.181203597034052
19.0,261.82222222222225,20.07430262812854
19.0,262.1930930930931,19.995737715745726
19.0,262.563963963964,19.945857311736734
19.0,262.9348348348349,19.925009867952664
19.0,263.30570570570575,19.93354383624463
19.0,263.6765765765766,19.97180766846374
19.0,264.0474474474475,20.040033256327686
19.0,264.41831831831837,20.13613920808421
19.0,264.78918918918924,20.25591832780643
19.0,265.1600600600601,20.39508443927636
19.0,265.530930930931,20.549351366276024
19.0,265.90180180180187,20.71443293258744
19.0,266.27267267267274,20.88604296199263
19.0,266.64354354354356,21.05989527827358
19.0,267.01441441441443,21.23170370521237
19.0,267.3852852852853,21.397182066590993
19.0,267.7561561561562,21.552044186191463
19.0,268.12702702702705,21.6920038877958
19.0,268.49789789789793,21.81277499518603
19.0,268.8687687687688,21.910071332144163
19.0,269.2396396396397,21.979606722452225
19.0,269.61051051051055,22.017337888574744
19.0,269.9813813813814,22.02336662537363
19.0,270.3522522522523,22.00126873969737
19.0,270.7231231231232,21.954727411342258
19.0,271.09399399399405,21.887425820104607
19.0,271.4648648648649,21.803047145780717
19.0,271.8357357357358,21.70527456816689
19.0,272.20660660660667,21.597791267059417
19.0,272.57747747747754,21.484280422254614
19.0,272.94834834834836,21.368425213548797
19.0,273.31921921921924,21.253908820738225
19.0,273.6900900900901,21.144414423619228
19.0,274.060960960961,21.043625201988092
19.0,274.43183183183186,20.955224335641134
19.0,274.80270270270273,20.882895004374653
19.0,275.1735735735736,20.830320387984944
19.0,275.5444444444445,20.80118366626832
19.0,275.91531531531535,20.79916801902107
19.0,276.2861861861862,20.827956626039498
19.0,276.6570570570571,20.891232667119912
19.0,277.027927927928,20.992679322058613
19.0,277.39879879879885,21.134659008082753
19.0,277.7696696696697,21.313216086296276
19.0,278.1405405405406,21.5225078813095
19.0,278.5114114114115,21.75669138305324
19.0,278.88228228228235,22.009923581458306
19.0,279.2531531531532,22.276361466455516
19.0,279.62402402402404,22.550162027975635
19.0,279.9948948948949,22.825482255949566
19.0,280.3657657657658,23.09647914030808
19.0,280.73663663663666,23.35730967098198
19.0,281.10750750750753,23.60213083790209
19.0,281.4783783783784,23.82509963099922
19.0,281.8492492492493,24.02037304020417
19.0,282.22012012012016,24.182108055447774
19.0,282.59099099099103,24.30446166666083
19.0,282.9618618618619,24.381590863774154
19.0,283.3327327327328,24.40765263671856
19.0,283.70360360360365,24.376803975424856
19.0,284.0744744744745,24.283201869823863
19.0,284.4453453453454,24.121003309846383
19.0,284.8162162162163,23.88464883204378
19.0,285.18708708708715,23.5770109639496
19.0,285.557957957958,23.21061577818766
19.0,285.92882882882884,22.798518607513316
19.0,286.2996996996997,22.35377478468174
19.0,286.6705705705706,21.8894396424483
19.0,287.04144144144146,21.41856851356829
19.0,287.41231231231234,20.95421673079701
19.0,287.7831831831832,20.509439626889765
19.0,288.1540540540541,20.097292534601856
19.0,288.52492492492496,19.730830786688575
19.0,288.89579579579583,19.423109715905234
19.0,289.2666666666667,19.187184655007123
19.0,289.6375375375376,19.036110936749544
19.0,290.00840840840846,18.98231910675907
19.0,290.37927927927933,19.02732201593651
19.0,290.7501501501502,19.16334552441214
19.0,291.1210210210211,19.382319523839044
19.0,291.49189189189195,19.67617390587031
19.0,291.8627627627628,20.036838562159023
19.0,292.2336336336337,20.456243384358263
19.0,292.6045045045045,20.926318264121036
19.0,292.9753753753754,21.438993093100578
19.0,293.34624624624627,21.986197762949896
19.0,293.71711711711714,22.55986216532208
19.0,294.087987987988,23.151916191870214
19.0,294.4588588588589,23.754289734247376
19.0,294.82972972972976,24.358912684106656
19.0,295.20060060060064,24.957714933101126
19.0,295.5714714714715,25.542626372883884
19.0,295.9423423423424,26.10557689510801
19.0,296.31321321321326,26.638496391426578
19.0,296.68408408408413,27.133314753492677
19.0,297.054954954955,27.581961872959404
19.0,297.4258258258259,27.976367641479815
19.0,297.79669669669676,28.310019766655756
19.0,298.16756756756763,28.583986656321933
19.0,298.5384384384385,28.801639266028513
19.0,298.9093093093094,28.966349079432707
19.0,299.2801801801802,29.08148758019174
19.0,299.65105105105107,29.15042625196287
19.0,300.02192192192194,29.17653657840329
19.0,300.3927927927928,29.163190043170236
19.0,300.7636636636637,29.113758129920928
19.0,301.13453453453457,29.031612322312593
19.0,301.50540540540544,28.920124104002447
19.0,301.8762762762763,28.78266495864773
19.0,302.2471471471472,28.622606369905657
19.0,302.61801801801806,28.443319821433455
19.0,302.98888888888894,28.24817679688834
19.0,303.3597597597598,28.040548779927555
19.0,303.7306306306307,27.823807254208315
19.0,304.10150150150156,27.601323703387834
19.0,304.47237237237243,27.37646961112336
19.0,304.8432432432433,27.1526164610721
19.0,305.2141141141142,26.93312376049111
19.0,305.584984984985,26.720479546393445
19.0,305.9558558558559,26.515724956945878
19.0,306.32672672672675,26.31976471163202
19.0,306.6975975975976,26.133503529935442
19.0,307.0684684684685,25.957846131339736
19.0,307.43933933933937,25.79369723532847
19.0,307.81021021021024,25.641961561385234
19.0,308.1810810810811,25.503543828993603
19.0,308.551951951952,25.379348757637157
19.0,308.92282282282287,25.270281066799477
19.0,309.29369369369374,25.177245475964142
19.0,309.6645645645646,25.10114670461473
19.0,310.0354354354355,25.042889472234823
19.0,310.40630630630636,25.003378498308003
19.0,310.77717717717724,24.98275763819123
19.0,311.1480480480481,24.976824720716703
19.0,311.518918918919,24.979836953103824
19.0,311.88978978978986,24.986049730337538
19.0,312.2606606606607,24.989718447402783
19.0,312.63153153153155,24.985098499284504
19.0,313.0024024024024,24.966445280967644
19.0,313.3732732732733,24.92801418743713
19.0,313.7441441441442,24.864060613677925
19.0,314.11501501501505,24.76883995467496
19.0,314.4858858858859,24.636607605413175
19.0,314.8567567567568,24.461618960877512
19.0,315.22762762762767,24.238129416052914
19.0,315.59849849849854,23.960401434252052
19.0,315.9693693693694,23.62723926564438
19.0,316.3402402402403,23.249787339868377
19.0,316.71111111111117,22.841265980899134
19.0,317.08198198198204,22.41489551271174
19.0,317.4528528528529,21.983896259281284
19.0,317.8237237237238,21.561488544582854
19.0,318.19459459459466,21.16089269259154
19.0,318.56546546546554,20.79532902728242
19.0,318.93633633633635,20.478017872630637
19.0,319.3072072072072,20.222179552611177
19.0,319.6780780780781,20.041034391199183
19.0,320.048948948949,19.947802712369736
19.0,320.41981981981985,19.955704840097933
19.0,320.7906906906907,20.07692179274864
19.0,321.1615615615616,20.3012490000839
19.0,321.5324324324325,20.596908732522
19.0,321.90330330330335,20.931246510335146
19.0,322.2741741741742,21.271607853795555
19.0,322.6450450450451,21.58533828317543
19.0,323.01591591591597,21.83978331874699
19.0,323.38678678678684,22.002288480782433
19.0,323.7576576576577,22.040199289553982
19.0,324.1285285285286,21.922238450881196
19.0,324.49939939939946,21.651755931444868
19.0,324.87027027027034,21.268452967176675
19.0,325.24114114114116,20.813753036427606
19.0,325.61201201201203,20.32907961754845
19.0,325.9828828828829,19.855856188890193
19.0,326.3537537537538,19.43550622880376
19.0,326.72462462462465,19.109453215640066
19.0,327.0954954954955,18.917733165198662
19.0,327.4663663663664,18.872195183647293
19.0,327.8372372372373,18.95842749542214
19.0,328.20810810810815,19.161016672998276
19.0,328.578978978979,19.464549288850762
19.0,328.9498498498499,19.853611915454668
19.0,329.3207207207208,20.312791125285056
19.0,329.69159159159165,20.826673490817
19.0,330.0624624624625,21.379845584525558
19.0,330.4333333333334,21.956893978885798
19.0,330.80420420420427,22.542405246372788
19.0,331.17507507507514,23.120965959461593
19.0,331.545945945946,23.677162690627277
19.0,331.91681681681683,24.195582012344833
19.0,332.2876876876877,24.66081049708949
19.0,332.6585585585586,25.057457075422548
19.0,333.02942942942946,25.378858612344
19.0,333.40030030030033,25.640288567845563
19.0,333.7711711711712,25.860412206421856
19.0,334.1420420420421,26.057894792567495
19.0,334.51291291291295,26.251401590777093
19.0,334.8837837837838,26.45959786554527
19.0,335.2546546546547,26.701148881366638
19.0,335.6255255255256,26.994719902735813
19.0,335.99639639639645,27.358976194147413
19.0,336.3672672672673,27.812583020096056
19.0,336.7381381381382,28.374205645076355
19.0,337.10900900900907,29.062509333582923
19.0,337.47987987987995,29.89615935011038
19.0,337.8507507507508,30.893820959153338
19.0,338.2216216216217,32.07415645984178
19.0,338.5924924924925,33.43810190135942
19.0,338.9633633633634,34.927028965183844
19.0,339.33423423423426,36.46981193022372
19.0,339.70510510510513,37.995325075387974
19.0,340.075975975976,39.43244267958545
19.0,340.4468468468469,40.71003902172506
19.0,340.81771771771776,41.75698838071566
19.0,341.18858858858863,42.50216503546616
19.0,341.5594594594595,42.87444326488543
19.0,341.9303303303304,42.80269734788236
19.0,342.30120120120125,42.215801563365815
19.0,342.6720720720721,41.042630190244694
19.0,343.042942942943,39.21408855714576
19.0,343.4138138138139,36.74728777006454
19.0,343.78468468468475,33.77570713827366
19.0,344.1555555555556,30.441060239543937
19.0,344.5264264264265,26.885060651646178
19.0,344.8972972972973,23.249421952351756
19.0,345.2681681681682,19.675857719430347
19.0,345.63903903903906,16.306081530653323
19.0,346.00990990990994,13.28180696379148
19.0,346.3807807807808,10.744747596615646
19.0,346.7516516516517,8.836617006896624
19.0,347.12252252252256,7.699128772405228
19.0,347.49339339339343,7.473996470912276
19.0,347.8642642642643,8.302933680188566
19.0,348.2351351351352,10.32765397800491
19.0,348.60600600600606,13.689870942132146
19.0,348.97687687687693,18.531298150341044
19.0,349.3477477477478,24.993649180402443
19.0,349.7186186186187,33.21863761008717
19.0,350.08948948948955,43.23662317925127
19.0,350.4603603603604,54.50323494165746
19.0,350.8312312312313,66.28921935598999
19.0,351.2021021021022,77.86523492961322
19.0,351.572972972973,88.50194016988998
19.0,351.94384384384387,97.46999358418803
19.0,352.31471471471474,104.04005367987
19.0,352.6855855855856,107.48277896430022
19.0,353.0564564564565,107.06882794484311
19.0,353.42732732732736,102.068859128863
19.0,353.79819819819824,91.75353102372424
19.0,354.1690690690691,75.39350213679126
19.0,354.53993993994,52.25943097542847
19.0,354.91081081081086,24.754988177145798
19.0,355.28168168168173,14.074232075799555
19.0,355.6525525525526,19.01716096862409
19.0,356.0234234234235,32.70774233724763
19.0,356.39429429429435,48.26994366329848
19.0,356.76516516516523,58.82773242840483
19.0,357.1360360360361,57.505076114194935
19.0,357.506906906907,37.506657713094896
19.0,357.87777777777785,11.233306301026156
19.0,358.24864864864867,0.0
19.0,358.61951951951954,0.0
19.0,358.9903903903904,0.0
19.0,359.3612612612613,0.0
19.0,359.73213213213216,0.0
19.0,360.10300300300304,0.0
19.0,360.4738738738739,5.046279537629815
19.0,360.8447447447448,15.60956568887255
19.0,361.21561561561566,25.540663669675013
19.0,361.58648648648654,33.67817228149933
19.0,361.9573573573574,39.3293386742442
19.0,362.3282282282283,42.75472481455471
19.0,362.69909909909916,44.33069197988242
19.0,363.06996996997003,44.43360144767884
19.0,363.4408408408409,43.43981449539554
19.0,363.8117117117118,41.72569240048404
19.0,364.18258258258265,39.667596440395904
19.0,364.55345345345347,37.641887892582965
19.0,364.92432432432435,36.02492803449609
19.0,365.2951951951952,35.19307814358713
19.0,365.6660660660661,35.52269949730764
19.0,366.03693693693697,37.32656231814907
19.0,366.40780780780784,40.098314653318155
19.0,366.7786786786787,42.76255848212089
19.0,367.1495495495496,44.23240976311669
19.0,367.52042042042046,43.420984454864936
19.0,367.89129129129134,39.241398515925034
19.0,368.2621621621622,30.710960039913896
19.0,368.6330330330331,20.129783148320847
19.0,369.00390390390396,12.159845799896896
19.0,369.37477477477483,7.062964318262679
19.0,369.7456456456457,4.217427120721024
19.0,370.1165165165166,3.0015226245747417
19.0,370.48738738738746,2.7935392471266596
19.0,370.85825825825833,2.9717654056796015
19.0,371.22912912912915,2.9144895175364054
19.0,371.6,2.0
